-- MySQL dump 10.13  Distrib 5.5.62, for debian-linux-gnu (x86_64)
--
-- Host: localhost    Database: bildgallerie
-- ------------------------------------------------------
-- Server version	5.5.62-0ubuntu0.14.04.1

/*!40101 SET @OLD_CHARACTER_SET_CLIENT=@@CHARACTER_SET_CLIENT */;
/*!40101 SET @OLD_CHARACTER_SET_RESULTS=@@CHARACTER_SET_RESULTS */;
/*!40101 SET @OLD_COLLATION_CONNECTION=@@COLLATION_CONNECTION */;
/*!40101 SET NAMES utf8 */;
/*!40103 SET @OLD_TIME_ZONE=@@TIME_ZONE */;
/*!40103 SET TIME_ZONE='+00:00' */;
/*!40014 SET @OLD_UNIQUE_CHECKS=@@UNIQUE_CHECKS, UNIQUE_CHECKS=0 */;
/*!40014 SET @OLD_FOREIGN_KEY_CHECKS=@@FOREIGN_KEY_CHECKS, FOREIGN_KEY_CHECKS=0 */;
/*!40101 SET @OLD_SQL_MODE=@@SQL_MODE, SQL_MODE='NO_AUTO_VALUE_ON_ZERO' */;
/*!40111 SET @OLD_SQL_NOTES=@@SQL_NOTES, SQL_NOTES=0 */;

--
-- Current Database: `bildgallerie`
--

CREATE DATABASE /*!32312 IF NOT EXISTS*/ `bildgallerie` /*!40100 DEFAULT CHARACTER SET latin1 */;

USE `bildgallerie`;

--
-- Table structure for table `gallery`
--

DROP TABLE IF EXISTS `gallery`;
/*!40101 SET @saved_cs_client     = @@character_set_client */;
/*!40101 SET character_set_client = utf8 */;
CREATE TABLE `gallery` (
  `id` int(11) NOT NULL AUTO_INCREMENT,
  `name` varchar(30) NOT NULL,
  `fk_user` int(11) NOT NULL,
  `timestamp` timestamp NOT NULL DEFAULT CURRENT_TIMESTAMP,
  `enabled` tinyint(1) NOT NULL DEFAULT '1',
  `private` tinyint(1) NOT NULL DEFAULT '0',
  `fk_image` int(11) NOT NULL,
  `Views` int(11) NOT NULL DEFAULT '0',
  PRIMARY KEY (`id`),
  KEY `fk_user` (`fk_user`),
  CONSTRAINT `gallery_ibfk_1` FOREIGN KEY (`fk_user`) REFERENCES `user` (`id`)
) ENGINE=InnoDB AUTO_INCREMENT=17 DEFAULT CHARSET=utf8;
/*!40101 SET character_set_client = @saved_cs_client */;

--
-- Dumping data for table `gallery`
--

LOCK TABLES `gallery` WRITE;
/*!40000 ALTER TABLE `gallery` DISABLE KEYS */;
INSERT INTO `gallery` VALUES (11,'SchÃ¶ne Bilder 2018',5,'2018-05-04 14:49:47',1,0,248,87),(14,'punta cana',7,'2018-05-06 14:50:00',1,0,336,225),(16,'Ferienbilder 2018',8,'2018-05-08 06:25:04',1,0,356,8);
/*!40000 ALTER TABLE `gallery` ENABLE KEYS */;
UNLOCK TABLES;

--
-- Table structure for table `gallery_picture`
--

DROP TABLE IF EXISTS `gallery_picture`;
/*!40101 SET @saved_cs_client     = @@character_set_client */;
/*!40101 SET character_set_client = utf8 */;
CREATE TABLE `gallery_picture` (
  `id` int(11) NOT NULL AUTO_INCREMENT,
  `fk_gallery` int(11) NOT NULL,
  `fk_picture` int(11) NOT NULL,
  `timestamp` timestamp NOT NULL DEFAULT CURRENT_TIMESTAMP,
  PRIMARY KEY (`id`),
  KEY `fk_gallery` (`fk_gallery`),
  KEY `fk_picture` (`fk_picture`),
  CONSTRAINT `gallery_picture_ibfk_1` FOREIGN KEY (`fk_picture`) REFERENCES `picture` (`id`),
  CONSTRAINT `gallery_picture_ibfk_2` FOREIGN KEY (`fk_gallery`) REFERENCES `gallery` (`id`)
) ENGINE=InnoDB AUTO_INCREMENT=619 DEFAULT CHARSET=utf8;
/*!40101 SET character_set_client = @saved_cs_client */;

--
-- Dumping data for table `gallery_picture`
--

LOCK TABLES `gallery_picture` WRITE;
/*!40000 ALTER TABLE `gallery_picture` DISABLE KEYS */;
INSERT INTO `gallery_picture` VALUES (513,11,249,'2018-05-04 14:51:32'),(514,11,250,'2018-05-04 14:51:32'),(515,11,251,'2018-05-04 14:51:32'),(516,11,252,'2018-05-04 14:51:32'),(517,11,253,'2018-05-04 14:51:32'),(518,11,254,'2018-05-04 14:51:32'),(519,11,255,'2018-05-04 14:51:32'),(520,11,256,'2018-05-04 14:51:32'),(521,11,257,'2018-05-04 14:51:32'),(522,11,258,'2018-05-04 14:51:32'),(523,11,259,'2018-05-04 14:51:32'),(524,11,260,'2018-05-04 14:51:32'),(525,11,261,'2018-05-04 14:51:32'),(526,11,262,'2018-05-04 14:51:32'),(527,11,263,'2018-05-04 14:51:32'),(528,11,264,'2018-05-04 14:51:32'),(529,11,265,'2018-05-04 14:51:32'),(530,11,266,'2018-05-04 14:52:06'),(531,11,267,'2018-05-04 14:52:06'),(532,11,268,'2018-05-04 14:52:06'),(533,11,269,'2018-05-04 14:52:06'),(534,11,270,'2018-05-04 14:52:06'),(535,11,271,'2018-05-04 14:52:06'),(536,11,272,'2018-05-04 14:52:06'),(537,11,273,'2018-05-04 14:52:06'),(538,11,274,'2018-05-04 14:52:06'),(539,11,275,'2018-05-04 14:52:06'),(540,11,276,'2018-05-04 14:52:06'),(541,11,277,'2018-05-04 14:52:06'),(542,11,278,'2018-05-04 14:52:06'),(543,11,279,'2018-05-04 14:52:06'),(544,11,280,'2018-05-04 14:52:06'),(545,11,281,'2018-05-04 14:52:06'),(546,11,282,'2018-05-04 14:52:06'),(547,11,283,'2018-05-04 14:52:06'),(548,11,284,'2018-05-04 14:52:06'),(549,11,285,'2018-05-04 14:52:06'),(550,11,286,'2018-05-04 14:53:49'),(551,11,287,'2018-05-04 14:53:49'),(552,11,288,'2018-05-04 14:53:49'),(553,11,289,'2018-05-04 14:53:49'),(554,11,290,'2018-05-04 14:53:49'),(555,11,291,'2018-05-04 14:53:49'),(556,11,292,'2018-05-04 14:53:49'),(557,11,293,'2018-05-04 14:53:49'),(558,11,294,'2018-05-04 14:53:49'),(559,11,295,'2018-05-04 14:53:49'),(560,11,296,'2018-05-04 14:53:49'),(561,11,297,'2018-05-04 14:53:49'),(562,11,298,'2018-05-04 14:53:49'),(563,11,299,'2018-05-04 14:53:49'),(564,11,300,'2018-05-04 14:53:49'),(565,11,301,'2018-05-04 14:53:49'),(566,11,302,'2018-05-04 14:53:49'),(567,11,303,'2018-05-04 14:53:49'),(568,11,304,'2018-05-04 14:53:49'),(569,11,305,'2018-05-04 14:53:49'),(570,11,306,'2018-05-04 14:54:53'),(571,11,307,'2018-05-04 14:54:53'),(572,11,308,'2018-05-04 14:54:53'),(573,11,309,'2018-05-04 14:54:53'),(574,11,310,'2018-05-04 14:54:53'),(575,11,311,'2018-05-04 14:54:53'),(576,11,312,'2018-05-04 14:54:53'),(577,11,313,'2018-05-04 14:54:53'),(578,11,314,'2018-05-04 14:54:53'),(579,11,315,'2018-05-04 14:54:53'),(580,11,316,'2018-05-04 14:54:53'),(581,11,317,'2018-05-04 14:54:53'),(582,11,318,'2018-05-04 14:54:53'),(583,11,319,'2018-05-04 14:54:53'),(584,11,320,'2018-05-04 14:54:53'),(585,11,321,'2018-05-04 14:54:53'),(586,11,322,'2018-05-04 14:54:53'),(587,11,323,'2018-05-04 14:54:53'),(588,11,324,'2018-05-04 14:54:53'),(589,11,325,'2018-05-04 14:54:53'),(590,11,326,'2018-05-04 14:55:14'),(598,14,337,'2018-05-06 14:53:52'),(599,14,338,'2018-05-06 14:53:52'),(600,14,339,'2018-05-06 14:53:52'),(601,14,340,'2018-05-06 14:53:52'),(602,14,341,'2018-05-06 14:53:52'),(603,14,342,'2018-05-06 14:53:52'),(604,11,343,'2018-05-06 15:01:20'),(616,16,357,'2018-05-08 06:25:50'),(617,16,358,'2018-05-08 06:25:50'),(618,16,359,'2018-05-08 06:25:50');
/*!40000 ALTER TABLE `gallery_picture` ENABLE KEYS */;
UNLOCK TABLES;

--
-- Table structure for table `picture`
--

DROP TABLE IF EXISTS `picture`;
/*!40101 SET @saved_cs_client     = @@character_set_client */;
/*!40101 SET character_set_client = utf8 */;
CREATE TABLE `picture` (
  `id` int(11) NOT NULL AUTO_INCREMENT,
  `name` varchar(20) NOT NULL,
  `timestamp` timestamp NOT NULL DEFAULT CURRENT_TIMESTAMP ON UPDATE CURRENT_TIMESTAMP,
  `enabled` tinyint(1) NOT NULL DEFAULT '1',
  `fk_user` int(11) NOT NULL,
  PRIMARY KEY (`id`),
  KEY `fk_user` (`fk_user`),
  CONSTRAINT `picture_ibfk_1` FOREIGN KEY (`fk_user`) REFERENCES `user` (`id`)
) ENGINE=InnoDB AUTO_INCREMENT=360 DEFAULT CHARSET=utf8;
/*!40101 SET character_set_client = @saved_cs_client */;

--
-- Dumping data for table `picture`
--

LOCK TABLES `picture` WRITE;
/*!40000 ALTER TABLE `picture` DISABLE KEYS */;
INSERT INTO `picture` VALUES (248,'152544538782821.jpg','2018-05-04 14:49:47',1,5),(249,'152544549298705.jpg','2018-05-04 14:51:32',1,5),(250,'152544549261059.jpg','2018-05-04 14:51:32',1,5),(251,'152544549231121.jpg','2018-05-04 14:51:32',1,5),(252,'152544549225836.jpg','2018-05-04 14:51:32',1,5),(253,'152544549223122.jpg','2018-05-04 14:51:32',1,5),(254,'152544549287203.jpg','2018-05-04 14:51:32',1,5),(255,'152544549220116.jpg','2018-05-04 14:51:32',1,5),(256,'152544549242606.jpg','2018-05-04 14:51:32',1,5),(257,'152544549241725.jpg','2018-05-04 14:51:32',1,5),(258,'152544549262158.jpg','2018-05-04 14:51:32',1,5),(259,'152544549286172.jpg','2018-05-04 14:51:32',1,5),(260,'152544549297979.jpg','2018-05-04 14:51:32',1,5),(261,'152544549211259.jpg','2018-05-04 14:51:32',1,5),(262,'152544549289584.jpg','2018-05-04 14:51:32',1,5),(263,'152544549210506.jpg','2018-05-04 14:51:32',1,5),(264,'152544549278301.jpg','2018-05-04 14:51:32',1,5),(265,'152544549222619.jpg','2018-05-04 14:51:32',1,5),(266,'152544552654380.jpg','2018-05-04 14:52:06',1,5),(267,'152544552690858.jpg','2018-05-04 14:52:06',1,5),(268,'152544552683366.jpg','2018-05-04 14:52:06',1,5),(269,'152544552639772.jpg','2018-05-04 14:52:06',1,5),(270,'152544552659233.jpg','2018-05-04 14:52:06',1,5),(271,'152544552698668.jpg','2018-05-04 14:52:06',1,5),(272,'152544552640448.jpg','2018-05-04 14:52:06',1,5),(273,'152544552653208.jpg','2018-05-04 14:52:06',1,5),(274,'152544552675539.jpg','2018-05-04 14:52:06',1,5),(275,'152544552621719.jpg','2018-05-04 14:52:06',1,5),(276,'152544552638215.jpg','2018-05-04 14:52:06',1,5),(277,'152544552632687.jpg','2018-05-04 14:52:06',1,5),(278,'152544552636268.jpg','2018-05-04 14:52:06',1,5),(279,'152544552649189.jpg','2018-05-04 14:52:06',1,5),(280,'152544552631392.jpg','2018-05-04 14:52:06',1,5),(281,'152544552687328.jpg','2018-05-04 14:52:06',1,5),(282,'152544552670311.jpg','2018-05-04 14:52:06',1,5),(283,'152544552647228.jpg','2018-05-04 14:52:06',1,5),(284,'152544552610450.jpg','2018-05-04 14:52:06',1,5),(285,'152544552657514.jpg','2018-05-04 14:52:06',1,5),(286,'152544562950603.jpg','2018-05-04 14:53:49',1,5),(287,'152544562941971.jpg','2018-05-04 14:53:49',1,5),(288,'152544562983663.jpg','2018-05-04 14:53:49',1,5),(289,'152544562936269.jpg','2018-05-04 14:53:49',1,5),(290,'152544562965803.jpg','2018-05-04 14:53:49',1,5),(291,'152544562987863.jpg','2018-05-04 14:53:49',1,5),(292,'152544562910658.jpg','2018-05-04 14:53:49',1,5),(293,'152544562985544.jpg','2018-05-04 14:53:49',1,5),(294,'152544562913185.jpg','2018-05-04 14:53:49',1,5),(295,'152544562984350.jpg','2018-05-04 14:53:49',1,5),(296,'152544562971797.jpg','2018-05-04 14:53:49',1,5),(297,'152544562952119.jpg','2018-05-04 14:53:49',1,5),(298,'152544562945994.jpg','2018-05-04 14:53:49',1,5),(299,'152544562996097.jpg','2018-05-04 14:53:49',1,5),(300,'152544562928360.jpg','2018-05-04 14:53:49',1,5),(301,'152544562997976.jpg','2018-05-04 14:53:49',1,5),(302,'152544562950286.jpg','2018-05-04 14:53:49',1,5),(303,'152544562943654.jpg','2018-05-04 14:53:49',1,5),(304,'152544562960417.jpg','2018-05-04 14:53:49',1,5),(305,'152544562979256.jpg','2018-05-04 14:53:49',1,5),(306,'152544569349919.jpg','2018-05-04 14:54:53',1,5),(307,'152544569344420.jpg','2018-05-04 14:54:53',1,5),(308,'152544569313000.jpg','2018-05-04 14:54:53',1,5),(309,'152544569322350.jpg','2018-05-04 14:54:53',1,5),(310,'152544569329494.jpg','2018-05-04 14:54:53',1,5),(311,'152544569325316.jpg','2018-05-04 14:54:53',1,5),(312,'152544569319846.jpg','2018-05-04 14:54:53',1,5),(313,'152544569381552.jpg','2018-05-04 14:54:53',1,5),(314,'152544569385842.jpg','2018-05-04 14:54:53',1,5),(315,'152544569321647.jpg','2018-05-04 14:54:53',1,5),(316,'152544569388287.jpg','2018-05-04 14:54:53',1,5),(317,'152544569355491.jpg','2018-05-04 14:54:53',1,5),(318,'152544569375435.jpg','2018-05-04 14:54:53',1,5),(319,'152544569339558.jpg','2018-05-04 14:54:53',1,5),(320,'152544569380979.jpg','2018-05-04 14:54:53',1,5),(321,'152544569329126.jpg','2018-05-04 14:54:53',1,5),(322,'152544569388644.jpg','2018-05-04 14:54:53',1,5),(323,'152544569331207.jpg','2018-05-04 14:54:53',1,5),(324,'152544569321398.jpg','2018-05-04 14:54:53',1,5),(325,'152544569361428.jpg','2018-05-04 14:54:53',1,5),(326,'152544571411106.jpeg','2018-05-04 14:55:14',1,5),(327,'152546072778660.jpeg','2018-05-04 19:05:27',1,6),(328,'152561742030830.jpeg','2018-05-06 14:37:00',1,7),(329,'152561752476955.jpeg','2018-05-06 14:38:44',1,7),(330,'152561752499174.jpeg','2018-05-06 14:38:44',1,7),(331,'152561752426605.jpeg','2018-05-06 14:38:44',1,7),(332,'152561752412444.jpeg','2018-05-06 14:38:44',1,7),(333,'152561752415044.jpeg','2018-05-06 14:38:44',1,7),(334,'152561752430990.jpeg','2018-05-06 14:38:44',1,7),(335,'152561752486459.jpeg','2018-05-06 14:38:44',1,7),(336,'152561820094631.jpeg','2018-05-06 14:50:00',1,7),(337,'152561843256979.jpeg','2018-05-06 14:53:52',1,7),(338,'152561843271535.jpeg','2018-05-06 14:53:52',1,7),(339,'152561843260318.jpeg','2018-05-06 14:53:52',1,7),(340,'152561843223612.jpeg','2018-05-06 14:53:52',1,7),(341,'152561843268933.jpeg','2018-05-06 14:53:52',1,7),(342,'152561843276012.jpeg','2018-05-06 14:53:52',1,7),(343,'152561888089451.jpeg','2018-05-06 15:01:20',1,5),(344,'152575962651906.jpeg','2018-05-08 06:07:06',1,5),(345,'152575971188299.jpeg','2018-05-08 06:08:31',1,5),(346,'152575971126491.png','2018-05-08 06:08:31',1,5),(347,'152575971156664.png','2018-05-08 06:08:31',1,5),(348,'152575971178444.png','2018-05-08 06:08:31',1,5),(349,'152575971159055.jpeg','2018-05-08 06:08:31',1,5),(350,'152575971163072.jpeg','2018-05-08 06:08:31',1,5),(351,'152575971167966.jpeg','2018-05-08 06:08:31',1,5),(352,'152575973014867.jpeg','2018-05-08 06:08:50',1,5),(353,'152575973056381.png','2018-05-08 06:08:50',1,5),(354,'152575973069407.jpeg','2018-05-08 06:08:50',1,5),(355,'152575973064149.jpeg','2018-05-08 06:08:50',1,5),(356,'152576070457463.jpg','2018-05-08 06:25:04',1,8),(357,'152576075068450.jpg','2018-05-08 06:25:50',1,8),(358,'152576075015149.jpg','2018-05-08 06:25:50',1,8),(359,'152576075066432.jpg','2018-05-08 06:25:50',1,8);
/*!40000 ALTER TABLE `picture` ENABLE KEYS */;
UNLOCK TABLES;

--
-- Table structure for table `picture_tags`
--

DROP TABLE IF EXISTS `picture_tags`;
/*!40101 SET @saved_cs_client     = @@character_set_client */;
/*!40101 SET character_set_client = utf8 */;
CREATE TABLE `picture_tags` (
  `fk_picture` int(11) NOT NULL,
  `fk_tag` int(11) NOT NULL,
  KEY `fk_picture` (`fk_picture`),
  KEY `fk_tag` (`fk_tag`),
  CONSTRAINT `picture_tags_ibfk_1` FOREIGN KEY (`fk_picture`) REFERENCES `picture` (`id`),
  CONSTRAINT `picture_tags_ibfk_2` FOREIGN KEY (`fk_tag`) REFERENCES `tags` (`id`)
) ENGINE=InnoDB DEFAULT CHARSET=utf8;
/*!40101 SET character_set_client = @saved_cs_client */;

--
-- Dumping data for table `picture_tags`
--

LOCK TABLES `picture_tags` WRITE;
/*!40000 ALTER TABLE `picture_tags` DISABLE KEYS */;
/*!40000 ALTER TABLE `picture_tags` ENABLE KEYS */;
UNLOCK TABLES;

--
-- Table structure for table `tags`
--

DROP TABLE IF EXISTS `tags`;
/*!40101 SET @saved_cs_client     = @@character_set_client */;
/*!40101 SET character_set_client = utf8 */;
CREATE TABLE `tags` (
  `id` int(11) NOT NULL,
  `name` varchar(20) NOT NULL,
  `timestamp` timestamp NOT NULL DEFAULT CURRENT_TIMESTAMP ON UPDATE CURRENT_TIMESTAMP,
  `enabled` tinyint(1) NOT NULL,
  `fk_user` int(11) NOT NULL,
  PRIMARY KEY (`id`),
  KEY `fk_user` (`fk_user`),
  CONSTRAINT `tags_ibfk_1` FOREIGN KEY (`fk_user`) REFERENCES `user` (`id`)
) ENGINE=InnoDB DEFAULT CHARSET=utf8;
/*!40101 SET character_set_client = @saved_cs_client */;

--
-- Dumping data for table `tags`
--

LOCK TABLES `tags` WRITE;
/*!40000 ALTER TABLE `tags` DISABLE KEYS */;
/*!40000 ALTER TABLE `tags` ENABLE KEYS */;
UNLOCK TABLES;

--
-- Table structure for table `user`
--

DROP TABLE IF EXISTS `user`;
/*!40101 SET @saved_cs_client     = @@character_set_client */;
/*!40101 SET character_set_client = utf8 */;
CREATE TABLE `user` (
  `id` int(11) NOT NULL AUTO_INCREMENT,
  `username` varchar(30) NOT NULL,
  `email` varchar(100) NOT NULL,
  `password` varchar(100) NOT NULL,
  `timestamp` timestamp NOT NULL DEFAULT CURRENT_TIMESTAMP,
  `enabled` tinyint(1) NOT NULL DEFAULT '1',
  PRIMARY KEY (`id`)
) ENGINE=InnoDB AUTO_INCREMENT=9 DEFAULT CHARSET=utf8;
/*!40101 SET character_set_client = @saved_cs_client */;

--
-- Dumping data for table `user`
--

LOCK TABLES `user` WRITE;
/*!40000 ALTER TABLE `user` DISABLE KEYS */;
INSERT INTO `user` VALUES (5,'r00oobin','robin.furrer2000@gmail.com','testpw123','2018-05-04 14:48:49',1),(6,'denis2','denis2@gmail.com','asdf1234','2018-05-04 19:04:22',1),(7,'_optimist_','furrermichelle.zfa@gmail.com','mi200fumi','2018-05-06 14:33:33',1),(8,'testuser','test@gmail.com','testpw1','2018-05-08 06:24:16',1);
/*!40000 ALTER TABLE `user` ENABLE KEYS */;
UNLOCK TABLES;
/*!40103 SET TIME_ZONE=@OLD_TIME_ZONE */;

/*!40101 SET SQL_MODE=@OLD_SQL_MODE */;
/*!40014 SET FOREIGN_KEY_CHECKS=@OLD_FOREIGN_KEY_CHECKS */;
/*!40014 SET UNIQUE_CHECKS=@OLD_UNIQUE_CHECKS */;
/*!40101 SET CHARACTER_SET_CLIENT=@OLD_CHARACTER_SET_CLIENT */;
/*!40101 SET CHARACTER_SET_RESULTS=@OLD_CHARACTER_SET_RESULTS */;
/*!40101 SET COLLATION_CONNECTION=@OLD_COLLATION_CONNECTION */;
/*!40111 SET SQL_NOTES=@OLD_SQL_NOTES */;

-- Dump completed on 2018-10-26  8:41:13
